-- Inserting data into Users Table

insert into Users (user_id, name, email, role, password) values (1, 'Abigail Mandell', 'amandell0@dell.com', 'student', 'gZ5$s)kpLs!,L');
insert into Users (user_id, name, email, role, password) values (2, 'Saxe Gieves', 'sgieves1@va.gov', 'student', 'pQ7*#LA6P#S');
insert into Users (user_id, name, email, role, password) values (3, 'Garwin Rehorek', 'grehorek2@tiny.cc', 'student', 'iV9<,Y{R.');
insert into Users (user_id, name, email, role, password) values (4, 'Brenn MacKain', 'bmackain3@phpbb.com', 'student', 'sE1|y9FOU}*$5z6f');
insert into Users (user_id, name, email, role, password) values (5, 'Ilse Matchett', 'imatchett4@list-manage.com', 'teacher', 'iD0*>{4E''Gz,13~,');
insert into Users (user_id, name, email, role, password) values (6, 'Gae Pullin', 'gpullin5@vistaprint.com', 'teacher', 'gS2!M,1Bu70zk>Dl');
insert into Users (user_id, name, email, role, password) values (7, 'Orella Zarfai', 'ozarfai6@bandcamp.com', 'student', 'xF1`~p6UNG#');
insert into Users (user_id, name, email, role, password) values (8, 'Talyah Terlinden', 'tterlinden7@accuweather.com', 'student', 'cE5\48gx_');
insert into Users (user_id, name, email, role, password) values (9, 'Annaliese Tilte', 'atilte8@smh.com.au', 'student', 'zS6&52</5gKv`,t');
insert into Users (user_id, name, email, role, password) values (10, 'Maximilianus Meaton', 'mmeaton9@google.co.uk', 'student', 'qA2)@d%M6l}');
insert into Users (user_id, name, email, role, password) values (11, 'Boot Harrismith', 'bharrismitha@house.gov', 'student', 'kT1@&A.AB|CV+b');
insert into Users (user_id, name, email, role, password) values (12, 'Veradis Yarmouth', 'vyarmouthb@wunderground.com', 'teacher', 'qE0=QZ{u6zKYo');
insert into Users (user_id, name, email, role, password) values (13, 'Colette Thaxton', 'cthaxtonc@shinystat.com', 'teacher', 'hM9"!A0L<9z');
insert into Users (user_id, name, email, role, password) values (14, 'Vincenty Mackiewicz', 'vmackiewiczd@mapquest.com', 'admin', 'fP8&67pu+');
insert into Users (user_id, name, email, role, password) values (15, 'Iorgos Bolens', 'ibolense@earthlink.net', 'student', 'iI7''D+&l&S');
insert into Users (user_id, name, email, role, password) values (16, 'Dacie Setchfield', 'dsetchfieldf@indiatimes.com', 'student', 'zQ2"1Hk9');
insert into Users (user_id, name, email, role, password) values (17, 'Alejoa Frohock', 'afrohockg@merriam-webster.com', 'teacher', 'mQ6/dw!HE<GwF6');
insert into Users (user_id, name, email, role, password) values (18, 'Nicko Carrel', 'ncarrelh@free.fr', 'admin', 'pF8$bMopciyp');
insert into Users (user_id, name, email, role, password) values (19, 'Gretta Finlan', 'gfinlani@ihg.com', 'teacher', 'bW5("f!%W<k');
insert into Users (user_id, name, email, role, password) values (20, 'Rhody Meineken', 'rmeinekenj@t-online.de', 'student', 'fC3>dw`Oy?9n');
insert into Users (user_id, name, email, role, password) values (21, 'Sharline Fieldhouse', 'sfieldhousek@netvibes.com', 'student', 'pP3%Oc4V');
insert into Users (user_id, name, email, role, password) values (22, 'Clarie Solomon', 'csolomonl@seattletimes.com', 'teacher', 'vH4<skesxK"@');
insert into Users (user_id, name, email, role, password) values (23, 'Esmeralda Rennolds', 'erennoldsm@slashdot.org', 'teacher', 'uZ5}T`0<c');
insert into Users (user_id, name, email, role, password) values (24, 'Tisha Winkell', 'twinkelln@4shared.com', 'student', 'iX0/qWW!<s3G3J3m');
insert into Users (user_id, name, email, role, password) values (25, 'Reider Zollner', 'rzollnero@cornell.edu', 'student', 'oQ7%bFq}8');
insert into Users (user_id, name, email, role, password) values (26, 'Base Gregson', 'bgregsonp@tmall.com', 'student', 'sC8!3?CV2{N');
insert into Users (user_id, name, email, role, password) values (27, 'Rhona Pemberton', 'rpembertonq@sina.com.cn', 'admin', 'zV5+,x''`"y');
insert into Users (user_id, name, email, role, password) values (28, 'Hercule Cocklin', 'hcocklinr@cbc.ca', 'student', 'uG7,g9i#G_NYiO');
insert into Users (user_id, name, email, role, password) values (29, 'Ian Skipp', 'iskipps@netvibes.com', 'teacher', 'cM6''n/e>umZC');
insert into Users (user_id, name, email, role, password) values (30, 'Pietra Freckelton', 'pfreckeltont@army.mil', 'student', 'bZ7/|eare');


-- Inserting data into Courses Table
insert into Courses (course_id, course_name, teacher_id) values (1, 'Computer Science', 5);
insert into Courses (course_id, course_name, teacher_id) values (2, 'Engineering', 6);
insert into Courses (course_id, course_name, teacher_id) values (3, 'Psychology', 12);
insert into Courses (course_id, course_name, teacher_id) values (4, 'Economics', 13);
insert into Courses (course_id, course_name, teacher_id) values (5, 'Accounting', 17);
insert into Courses (course_id, course_name, teacher_id) values (6, 'Biology', 19);
insert into Courses (course_id, course_name, teacher_id) values (7, 'Information technology', 22);
insert into Courses (course_id, course_name, teacher_id) values (8, 'Arts & Humanities', 23);
insert into Courses (course_id, course_name, teacher_id) values (9, 'Nursing', 29);
insert into Courses (course_id, course_name, teacher_id) values (10, 'Law', 5);

-- Inserting data into Enrollments
insert into Enrollments (enrollment_id, student_id, course_id, enrollment_date ) values (1, 1, 7, '6/10/2024');
insert into Enrollments (enrollment_id, student_id, course_id, enrollment_date ) values (2, 15, 2, '1/3/2024');
insert into Enrollments (enrollment_id, student_id, course_id, enrollment_date ) values (3, 8, 3, '7/20/2021');
insert into Enrollments (enrollment_id, student_id, course_id, enrollment_date ) values (4, 25, 9, '1/2/2023');
insert into Enrollments (enrollment_id, student_id, course_id, enrollment_date ) values (5, 10, 5, '1/2/2022');
insert into Enrollments (enrollment_id, student_id, course_id, enrollment_date ) values (6, 2, 9, '6/5/2021');
insert into Enrollments (enrollment_id, student_id, course_id, enrollment_date ) values (7, 9, 5, '5/20/2023');
insert into Enrollments (enrollment_id, student_id, course_id, enrollment_date ) values (8, 2, 2, '5/19/2024');
insert into Enrollments (enrollment_id, student_id, course_id, enrollment_date ) values (9, 25, 8, '12/8/2022');
insert into Enrollments (enrollment_id, student_id, course_id, enrollment_date ) values (10, 24, 5, '10/4/2020');
insert into Enrollments (enrollment_id, student_id, course_id, enrollment_date ) values (11, 10, 10, '7/14/2024');
insert into Enrollments (enrollment_id, student_id, course_id, enrollment_date ) values (12, 7, 9, '9/4/2021');
insert into Enrollments (enrollment_id, student_id, course_id, enrollment_date ) values (13, 16, 7, '9/17/2022');
insert into Enrollments (enrollment_id, student_id, course_id, enrollment_date ) values (14, 16, 8, '1/6/2024');
insert into Enrollments (enrollment_id, student_id, course_id, enrollment_date ) values (15, 28, 5, '6/18/2024');
insert into Enrollments (enrollment_id, student_id, course_id, enrollment_date ) values (16, 8, 4, '6/27/2024');
insert into Enrollments (enrollment_id, student_id, course_id, enrollment_date ) values (17, 9, 6, '4/8/2024');
insert into Enrollments (enrollment_id, student_id, course_id, enrollment_date ) values (18, 3, 9, '12/19/2023');
insert into Enrollments (enrollment_id, student_id, course_id, enrollment_date ) values (19, 9, 2, '4/11/2022');
insert into Enrollments (enrollment_id, student_id, course_id, enrollment_date ) values (20, 20, 3, '3/14/2024');
insert into Enrollments (enrollment_id, student_id, course_id, enrollment_date ) values (21, 24, 7, '8/11/2021');
insert into Enrollments (enrollment_id, student_id, course_id, enrollment_date ) values (22, 10, 8, '9/15/2021');
insert into Enrollments (enrollment_id, student_id, course_id, enrollment_date ) values (23, 8, 7, '5/22/2023');
insert into Enrollments (enrollment_id, student_id, course_id, enrollment_date ) values (24, 28, 7, '1/26/2021');
insert into Enrollments (enrollment_id, student_id, course_id, enrollment_date ) values (25, 30, 7, '11/1/2023');
insert into Enrollments (enrollment_id, student_id, course_id, enrollment_date ) values (26, 21, 9, '7/17/2023');
insert into Enrollments (enrollment_id, student_id, course_id, enrollment_date ) values (27, 24, 5, '10/5/2022');
insert into Enrollments (enrollment_id, student_id, course_id, enrollment_date ) values (28, 3, 5, '1/20/2023');
insert into Enrollments (enrollment_id, student_id, course_id, enrollment_date ) values (29, 28, 4, '3/28/2022');
insert into Enrollments (enrollment_id, student_id, course_id, enrollment_date ) values (30, 16, 6, '10/5/2023');
insert into Enrollments (enrollment_id, student_id, course_id, enrollment_date ) values (31, 20, 2, '1/2/2022');
insert into Enrollments (enrollment_id, student_id, course_id, enrollment_date ) values (32, 30, 6, '6/26/2023');
insert into Enrollments (enrollment_id, student_id, course_id, enrollment_date ) values (33, 28, 4, '6/23/2023');
insert into Enrollments (enrollment_id, student_id, course_id, enrollment_date ) values (34, 4, 5, '12/10/2023');
insert into Enrollments (enrollment_id, student_id, course_id, enrollment_date ) values (35, 16, 2, '1/25/2024');
insert into Enrollments (enrollment_id, student_id, course_id, enrollment_date ) values (36, 15, 9, '4/2/2021');
insert into Enrollments (enrollment_id, student_id, course_id, enrollment_date ) values (37, 30, 4, '3/23/2022');
insert into Enrollments (enrollment_id, student_id, course_id, enrollment_date ) values (38, 15, 8, '3/31/2022');
insert into Enrollments (enrollment_id, student_id, course_id, enrollment_date ) values (39, 7, 8, '10/27/2023');
insert into Enrollments (enrollment_id, student_id, course_id, enrollment_date ) values (40, 21, 4, '7/6/2022');
insert into Enrollments (enrollment_id, student_id, course_id, enrollment_date ) values (41, 10, 8, '12/8/2021');
insert into Enrollments (enrollment_id, student_id, course_id, enrollment_date ) values (42, 4, 7, '10/19/2023');
insert into Enrollments (enrollment_id, student_id, course_id, enrollment_date ) values (43, 15, 8, '11/11/2023');
insert into Enrollments (enrollment_id, student_id, course_id, enrollment_date ) values (44, 16, 1, '10/17/2020');
insert into Enrollments (enrollment_id, student_id, course_id, enrollment_date ) values (45, 3, 7, '4/5/2022');
insert into Enrollments (enrollment_id, student_id, course_id, enrollment_date ) values (46, 15, 7, '8/31/2021');
insert into Enrollments (enrollment_id, student_id, course_id, enrollment_date ) values (47, 9, 3, '10/25/2020');
insert into Enrollments (enrollment_id, student_id, course_id, enrollment_date ) values (48, 2, 2, '9/13/2024');
insert into Enrollments (enrollment_id, student_id, course_id, enrollment_date ) values (49, 9, 2, '6/23/2022');
insert into Enrollments (enrollment_id, student_id, course_id, enrollment_date ) values (50, 30, 6, '12/17/2022');

--Inserting data into Assignments table
insert into Assignments (assignment_id, course_id, title, desc, due_date) values (1, 5, 'Seatwork 4', 'Write a program to calculate the factorial of a number in Computer Science', '8/14/2024');
insert into Assignments (assignment_id, course_id, title, desc, due_date) values (2, 1, 'Activity 4', 'Write a short story inspired by a famous painting in Arts & Humanities', '2/28/2024');
insert into Assignments (assignment_id, course_id, title, desc, due_date) values (3, 2, 'Seatwork 3', 'Create a financial report based on market trends in Economics', '8/25/2024');
insert into Assignments (assignment_id, course_id, title, desc, due_date) values (4, 8, 'Seatwork 1', 'Conduct a survey to analyze human behavior in Psychology', '2/20/2024');
insert into Assignments (assignment_id, course_id, title, desc, due_date) values (5, 9, 'Seatwork 5', 'Write a program to calculate the factorial of a number in Computer Science', '4/8/2024');
insert into Assignments (assignment_id, course_id, title, desc, due_date) values (6, 1, 'Seatwork 4', 'Develop a website for a small business in Information Technology', '6/14/2024');
insert into Assignments (assignment_id, course_id, title, desc, due_date) values (7, 7, 'Seatwork 5', 'Assess a patient''s vital signs in Nursing', '8/8/2024');
insert into Assignments (assignment_id, course_id, title, desc, due_date) values (8, 3, 'Activity 1', 'Develop a website for a small business in Information Technology', '2/14/2024');
insert into Assignments (assignment_id, course_id, title, desc, due_date) values (9, 4, 'Activity 4', 'Develop a website for a small business in Information Technology', '5/25/2024');
insert into Assignments (assignment_id, course_id, title, desc, due_date) values (10, 6, 'Seatwork 2', 'Design a bridge using given specifications in Engineering', '7/17/2024');
insert into Assignments (assignment_id, course_id, title, desc, due_date) values (11, 4, 'Activity 4', 'Create a financial report based on market trends in Economics', '7/19/2024');
insert into Assignments (assignment_id, course_id, title, desc, due_date) values (12, 8, 'Seatwork 2', 'Conduct a survey to analyze human behavior in Psychology', '6/24/2024');
insert into Assignments (assignment_id, course_id, title, desc, due_date) values (13, 5, 'Seatwork 2', 'Write a short story inspired by a famous painting in Arts & Humanities', '2/7/2024');
insert into Assignments (assignment_id, course_id, title, desc, due_date) values (14, 7, 'Seatwork 4', 'Conduct a survey to analyze human behavior in Psychology', '5/13/2024');
insert into Assignments (assignment_id, course_id, title, desc, due_date) values (15, 10, 'Seatwork 5', 'Write a short story inspired by a famous painting in Arts & Humanities', '2/29/2024');
insert into Assignments (assignment_id, course_id, title, desc, due_date) values (16, 6, 'Activity 1', 'Analyze a case study to understand legal principles in Law', '2/26/2024');
insert into Assignments (assignment_id, course_id, title, desc, due_date) values (17, 3, 'Seatwork 1', 'Conduct a survey to analyze human behavior in Psychology', '7/28/2024');
insert into Assignments (assignment_id, course_id, title, desc, due_date) values (18, 3, 'Activity 3', 'Assess a patient''s vital signs in Nursing', '3/12/2024');
insert into Assignments (assignment_id, course_id, title, desc, due_date) values (19, 3, 'Activity 2', 'Write a short story inspired by a famous painting in Arts & Humanities', '7/22/2024');
insert into Assignments (assignment_id, course_id, title, desc, due_date) values (20, 3, 'Seatwork 4', 'Assess a patient''s vital signs in Nursing', '8/1/2024');
insert into Assignments (assignment_id, course_id, title, desc, due_date) values (21, 6, 'Seatwork 3', 'Design a bridge using given specifications in Engineering', '3/16/2024');
insert into Assignments (assignment_id, course_id, title, desc, due_date) values (22, 8, 'Activity 4', 'Analyze a case study to understand legal principles in Law', '5/6/2024');
insert into Assignments (assignment_id, course_id, title, desc, due_date) values (23, 7, 'Seatwork 3', 'Conduct a survey to analyze human behavior in Psychology', '3/23/2024');
insert into Assignments (assignment_id, course_id, title, desc, due_date) values (24, 5, 'Seatwork 5', 'Perform a dissection of a frog in Biology', '7/7/2024');
insert into Assignments (assignment_id, course_id, title, desc, due_date) values (25, 7, 'Activity 2', 'Write a program to calculate the factorial of a number in Computer Science', '4/4/2024');
insert into Assignments (assignment_id, course_id, title, desc, due_date) values (26, 6, 'Activity 5', 'Design a bridge using given specifications in Engineering', '8/2/2024');
insert into Assignments (assignment_id, course_id, title, desc, due_date) values (27, 10, 'Activity 2', 'Assess a patient''s vital signs in Nursing', '4/5/2024');
insert into Assignments (assignment_id, course_id, title, desc, due_date) values (28, 8, 'Activity 2', 'Create a financial report based on market trends in Economics', '3/29/2024');
insert into Assignments (assignment_id, course_id, title, desc, due_date) values (29, 2, 'Seatwork 5', 'Write a program to calculate the factorial of a number in Computer Science', '2/22/2024');
insert into Assignments (assignment_id, course_id, title, desc, due_date) values (30, 4, 'Seatwork 4', 'Perform a dissection of a frog in Biology', '2/8/2024');
insert into Assignments (assignment_id, course_id, title, desc, due_date) values (31, 9, 'Activity 4', 'Analyze a case study to understand legal principles in Law', '5/23/2024');
insert into Assignments (assignment_id, course_id, title, desc, due_date) values (32, 9, 'Seatwork 4', 'Conduct a survey to analyze human behavior in Psychology', '6/8/2024');
insert into Assignments (assignment_id, course_id, title, desc, due_date) values (33, 9, 'Seatwork 2', 'Create a financial report based on market trends in Economics', '6/2/2024');
insert into Assignments (assignment_id, course_id, title, desc, due_date) values (34, 5, 'Activity 1', 'Write a short story inspired by a famous painting in Arts & Humanities', '2/20/2024');
insert into Assignments (assignment_id, course_id, title, desc, due_date) values (35, 3, 'Activity 2', 'Prepare a balance sheet for a fictional company in Accounting', '6/22/2024');
insert into Assignments (assignment_id, course_id, title, desc, due_date) values (36, 2, 'Activity 2', 'Assess a patient''s vital signs in Nursing', '8/21/2024');
insert into Assignments (assignment_id, course_id, title, desc, due_date) values (37, 1, 'Activity 4', 'Write a short story inspired by a famous painting in Arts & Humanities', '7/17/2024');
insert into Assignments (assignment_id, course_id, title, desc, due_date) values (38, 4, 'Seatwork 5', 'Assess a patient''s vital signs in Nursing', '3/2/2024');
insert into Assignments (assignment_id, course_id, title, desc, due_date) values (39, 6, 'Activity 1', 'Write a program to calculate the factorial of a number in Computer Science', '7/24/2024');
insert into Assignments (assignment_id, course_id, title, desc, due_date) values (40, 8, 'Seatwork 4', 'Conduct a survey to analyze human behavior in Psychology', '5/19/2024');
insert into Assignments (assignment_id, course_id, title, desc, due_date) values (41, 8, 'Seatwork 3', 'Write a program to calculate the factorial of a number in Computer Science', '4/23/2024');
insert into Assignments (assignment_id, course_id, title, desc, due_date) values (42, 8, 'Activity 5', 'Perform a dissection of a frog in Biology', '3/17/2024');
insert into Assignments (assignment_id, course_id, title, desc, due_date) values (43, 1, 'Activity 3', 'Create a financial report based on market trends in Economics', '8/11/2024');
insert into Assignments (assignment_id, course_id, title, desc, due_date) values (44, 10, 'Seatwork 4', 'Design a bridge using given specifications in Engineering', '7/9/2024');
insert into Assignments (assignment_id, course_id, title, desc, due_date) values (45, 2, 'Activity 1', 'Perform a dissection of a frog in Biology', '4/5/2024');
insert into Assignments (assignment_id, course_id, title, desc, due_date) values (46, 8, 'Activity 3', 'Prepare a balance sheet for a fictional company in Accounting', '5/9/2024');
insert into Assignments (assignment_id, course_id, title, desc, due_date) values (47, 2, 'Seatwork 5', 'Write a program to calculate the factorial of a number in Computer Science', '7/7/2024');
insert into Assignments (assignment_id, course_id, title, desc, due_date) values (48, 5, 'Seatwork 1', 'Assess a patient''s vital signs in Nursing', '2/27/2024');
insert into Assignments (assignment_id, course_id, title, desc, due_date) values (49, 3, 'Activity 3', 'Design a bridge using given specifications in Engineering', '4/30/2024');
insert into Assignments (assignment_id, course_id, title, desc, due_date) values (50, 2, 'Activity 3', 'Create a financial report based on market trends in Economics', '1/24/2024');

--Inserting data into Submissions table
insert into Submissions (submission_id, assignment_id, student_id, submission_date, grade) values (1, 1, 1, '1/27/2024', 66);
insert into Submissions (submission_id, assignment_id, student_id, submission_date, grade) values (2, 2, 2, '6/23/2024', 73);
insert into Submissions (submission_id, assignment_id, student_id, submission_date, grade) values (3, 3, 3, '5/17/2024', 20);
insert into Submissions (submission_id, assignment_id, student_id, submission_date, grade) values (4, 4, 4, '8/20/2024', 37);
insert into Submissions (submission_id, assignment_id, student_id, submission_date, grade) values (5, 5, 7, '2/25/2024', 85);
insert into Submissions (submission_id, assignment_id, student_id, submission_date, grade) values (6, 6, 8, '9/14/2024', 30);
insert into Submissions (submission_id, assignment_id, student_id, submission_date, grade) values (7, 7, 9, '1/31/2024', 76);
insert into Submissions (submission_id, assignment_id, student_id, submission_date, grade) values (8, 8, 10, '5/3/2024', 86);
insert into Submissions (submission_id, assignment_id, student_id, submission_date, grade) values (9, 9, 11, '1/22/2024', 28);
insert into Submissions (submission_id, assignment_id, student_id, submission_date, grade) values (10, 10, 15, '3/21/2024', 97);
insert into Submissions (submission_id, assignment_id, student_id, submission_date, grade) values (11, 11, 16, '10/16/2023', 31);
insert into Submissions (submission_id, assignment_id, student_id, submission_date, grade) values (12, 12, 20, '8/5/2024', 33);
insert into Submissions (submission_id, assignment_id, student_id, submission_date, grade) values (13, 13, 21, '4/11/2024', 37);
insert into Submissions (submission_id, assignment_id, student_id, submission_date, grade) values (14, 14, 24, '3/28/2024', 42);
insert into Submissions (submission_id, assignment_id, student_id, submission_date, grade) values (15, 15, 25, '11/17/2023', 53);
insert into Submissions (submission_id, assignment_id, student_id, submission_date, grade) values (16, 16, 26, '12/24/2023', 64);
insert into Submissions (submission_id, assignment_id, student_id, submission_date, grade) values (17, 17, 28, '9/7/2024', 19);
insert into Submissions (submission_id, assignment_id, student_id, submission_date, grade) values (18, 18, 30, '8/31/2024', 99);
insert into Submissions (submission_id, assignment_id, student_id, submission_date, grade) values (19, 19, 1, '2/27/2024', 92);
insert into Submissions (submission_id, assignment_id, student_id, submission_date, grade) values (20, 20, 2, '10/19/2023', 8);
insert into Submissions (submission_id, assignment_id, student_id, submission_date, grade) values (21, 21, 3, '11/20/2023', 39);
insert into Submissions (submission_id, assignment_id, student_id, submission_date, grade) values (22, 22, 4, '5/18/2024', 82);
insert into Submissions (submission_id, assignment_id, student_id, submission_date, grade) values (23, 23, 7, '2/28/2024', 77);
insert into Submissions (submission_id, assignment_id, student_id, submission_date, grade) values (24, 24, 8, '1/19/2024', 72);
insert into Submissions (submission_id, assignment_id, student_id, submission_date, grade) values (25, 25, 9, '12/20/2023', 51);
insert into Submissions (submission_id, assignment_id, student_id, submission_date, grade) values (26, 26, 10, '7/16/2024', 5);
insert into Submissions (submission_id, assignment_id, student_id, submission_date, grade) values (27, 27, 11, '2/16/2024', 43);
insert into Submissions (submission_id, assignment_id, student_id, submission_date, grade) values (28, 28, 15, '5/8/2024', 64);
insert into Submissions (submission_id, assignment_id, student_id, submission_date, grade) values (29, 29, 16, '7/10/2024', 50);
insert into Submissions (submission_id, assignment_id, student_id, submission_date, grade) values (30, 30, 20, '8/21/2024', 91);
insert into Submissions (submission_id, assignment_id, student_id, submission_date, grade) values (31, 31, 21, '1/29/2024', 32);
insert into Submissions (submission_id, assignment_id, student_id, submission_date, grade) values (32, 32, 24, '4/9/2024', 23);
insert into Submissions (submission_id, assignment_id, student_id, submission_date, grade) values (33, 33, 25, '3/25/2024', 68);
insert into Submissions (submission_id, assignment_id, student_id, submission_date, grade) values (34, 34, 26, '4/13/2024', 84);
insert into Submissions (submission_id, assignment_id, student_id, submission_date, grade) values (35, 35, 28, '2/13/2024', 54);
insert into Submissions (submission_id, assignment_id, student_id, submission_date, grade) values (36, 36, 30, '1/27/2024', 96);
insert into Submissions (submission_id, assignment_id, student_id, submission_date, grade) values (37, 37, 1, '9/30/2023', 82);
insert into Submissions (submission_id, assignment_id, student_id, submission_date, grade) values (38, 38, 2, '11/3/2023', 39);
insert into Submissions (submission_id, assignment_id, student_id, submission_date, grade) values (39, 39, 3, '7/1/2024', 28);
insert into Submissions (submission_id, assignment_id, student_id, submission_date, grade) values (40, 40, 4, '3/11/2024', 56);
insert into Submissions (submission_id, assignment_id, student_id, submission_date, grade) values (41, 41, 7, '10/28/2023', 59);
insert into Submissions (submission_id, assignment_id, student_id, submission_date, grade) values (42, 42, 8, '10/14/2023', 14);
insert into Submissions (submission_id, assignment_id, student_id, submission_date, grade) values (43, 43, 9, '10/13/2023', 21);
insert into Submissions (submission_id, assignment_id, student_id, submission_date, grade) values (44, 44, 10, '3/31/2024', 4);
insert into Submissions (submission_id, assignment_id, student_id, submission_date, grade) values (45, 45, 11, '9/17/2024', 19);
insert into Submissions (submission_id, assignment_id, student_id, submission_date, grade) values (46, 46, 15, '1/13/2024', 36);
insert into Submissions (submission_id, assignment_id, student_id, submission_date, grade) values (47, 47, 16, '8/27/2024', 54);
insert into Submissions (submission_id, assignment_id, student_id, submission_date, grade) values (48, 48, 20, '11/7/2023', 1);
insert into Submissions (submission_id, assignment_id, student_id, submission_date, grade) values (49, 49, 21, '10/21/2023', 72);
insert into Submissions (submission_id, assignment_id, student_id, submission_date, grade) values (50, 50, 24, '7/1/2024', 94);
